date	time	source_timestamp	Alabama	Alaska	Arizona	Arkansas	American Samoa	California	Colorado	Connecticut	Delaware	District of Columbia	Florida	Georgia	Guam	Hawaii	Idaho	Illinois	Indiana	Iowa	Kansas	Kentucky	Louisiana	Maine	Maryland	Massachusetts	Michigan	Minnesota	Mississippi	Missouri	Montana	Nebraska	Nevada	New Hampshire	New Jersey	New Mexico	New York	North Carolina	North Dakota	Northern Mariana Islands	Ohio	Oklahoma	Oregon	Pennsylvania	Puerto Rico	Rhode Island	South Carolina	South Dakota	Tennessee	Texas	US Virgin Islands	Utah	Vermont	Virginia	Washington	West Virginia	Wisconsin	Wyoming	
2020-03-04	00:00:00	NA	NA-NA-NA	NA-NA-NA	2-0-NA	NA-NA-NA	NA-NA-NA	53-0-NA	NA-NA-NA	NA-NA-NA	NA-NA-NA	NA-NA-NA	2-0-NA	2-0-NA	NA-NA-NA	NA-NA-NA	NA-NA-NA	4-0-NA	NA-NA-NA	NA-NA-NA	NA-NA-NA	NA-NA-NA	NA-NA-NA	NA-NA-NA	NA-NA-NA	2-0-NA	NA-NA-NA	NA-NA-NA	NA-NA-NA	NA-NA-NA	NA-NA-NA	NA-NA-NA	NA-NA-NA	2-0-NA	NA-NA-NA	NA-NA-NA	6-0-NA	1-0-NA	NA-NA-NA	NA-NA-NA	NA-NA-NA	NA-NA-NA	3-0-NA	NA-NA-NA	NA-NA-NA	NA-NA-NA	0-0-NA	NA-NA-NA	NA-NA-NA	1-0-NA	NA-NA-NA	NA-NA-NA	NA-NA-NA	NA-NA-NA	39-10-NA	NA-NA-NA	1-0-NA	NA-NA-NA
2020-03-05	00:00:00	NA	NA-NA-NA	NA-NA-NA	2-0-NA	NA-NA-NA	NA-NA-NA	53-0-NA	0-0-NA	NA-NA-NA	NA-NA-NA	NA-NA-NA	9-0-NA	2-0-NA	NA-NA-NA	NA-NA-NA	NA-NA-NA	5-0-NA	NA-NA-NA	NA-NA-NA	NA-NA-NA	NA-NA-NA	NA-NA-NA	NA-NA-NA	0-0-NA	2-0-NA	0-0-NA	NA-NA-NA	NA-NA-NA	NA-NA-NA	NA-NA-NA	0-0-NA	1-0-NA	2-0-NA	1-0-NA	NA-NA-NA	22-0-NA	1-0-NA	NA-NA-NA	NA-NA-NA	0-0-NA	NA-NA-NA	3-0-NA	NA-NA-NA	NA-NA-NA	NA-NA-NA	0-0-NA	NA-NA-NA	1-0-NA	1-0-NA	NA-NA-NA	NA-NA-NA	NA-NA-NA	0-0-NA	70-11-NA	NA-NA-NA	1-0-NA	NA-NA-NA
2020-03-06	00:00:00	NA	NA-NA-NA	0-0-NA	3-0-NA	0-0-NA	NA-NA-NA	60-0-NA	2-0-NA	NA-NA-NA	0-0-NA	NA-NA-NA	9-0-NA	2-0-NA	NA-NA-NA	NA-NA-NA	NA-NA-NA	5-0-NA	1-0-NA	0-0-NA	0-0-NA	0-0-NA	NA-NA-NA	NA-NA-NA	3-0-NA	8-0-NA	0-0-NA	0-0-NA	NA-NA-NA	NA-NA-NA	NA-NA-NA	0-0-NA	1-0-NA	2-0-NA	1-0-NA	0-0-NA	33-0-NA	2-0-NA	NA-NA-NA	NA-NA-NA	0-0-NA	NA-NA-NA	3-0-NA	2-0-NA	NA-NA-NA	NA-NA-NA	0-0-NA	NA-NA-NA	1-0-NA	5-0-NA	NA-NA-NA	NA-NA-NA	0-0-NA	0-0-NA	79-14-NA	0-0-NA	1-0-NA	NA-NA-NA
2020-03-07	00:00:00	NA	0-0-NA	0-0-NA	5-0-NA	0-0-NA	NA-NA-NA	69-0-NA	8-0-NA	0-0-NA	0-0-NA	NA-NA-NA	14-0-NA	6-0-NA	NA-NA-NA	1-0-NA	0-0-NA	6-0-NA	1-0-NA	0-0-NA	0-0-NA	1-0-NA	0-0-NA	0-0-NA	3-0-NA	13-0-NA	0-0-NA	1-0-NA	0-0-NA	0-0-NA	0-0-NA	1-0-NA	1-0-NA	2-0-NA	4-0-NA	0-0-NA	76-0-NA	2-0-NA	0-0-NA	NA-NA-NA	0-0-NA	1-0-NA	7-0-NA	2-0-NA	NA-NA-NA	2-0-NA	2-0-NA	0-0-NA	1-0-NA	8-0-NA	NA-NA-NA	1-0-NA	0-0-NA	0-0-NA	102-16-NA	0-0-NA	1-0-NA	0-0-NA
2020-03-08	00:00:00	NA	0-0-NA	0-0-NA	5-0-NA	0-0-NA	NA-NA-NA	88-0-NA	8-0-NA	1-0-NA	0-0-NA	NA-NA-NA	17-0-NA	7-0-NA	NA-NA-NA	1-0-NA	0-0-NA	6-0-NA	2-0-NA	0-0-NA	1-0-NA	1-0-NA	0-0-NA	0-0-NA	3-0-NA	13-0-NA	0-0-NA	1-0-NA	0-0-NA	1-0-NA	0-0-NA	1-0-NA	1-0-NA	4-0-NA	6-0-NA	0-0-NA	105-0-NA	2-0-NA	0-0-NA	NA-NA-NA	0-0-NA	1-0-NA	14-0-NA	4-0-NA	NA-NA-NA	3-0-NA	2-0-NA	0-0-NA	3-0-NA	8-0-NA	NA-NA-NA	1-0-NA	1-0-NA	2-0-NA	102-18-NA	0-0-NA	1-0-NA	0-0-NA
2020-03-09	00:00:00	NA	0-0-NA	0-0-NA	5-0-NA	0-0-NA	NA-NA-NA	114-0-NA	9-0-NA	1-0-NA	0-0-NA	NA-NA-NA	18-0-NA	12-0-NA	NA-NA-NA	2-0-NA	0-0-NA	7-0-NA	2-0-NA	3-0-NA	1-0-NA	4-0-NA	1-0-NA	0-0-NA	5-0-NA	41-0-NA	0-0-NA	2-0-NA	0-0-NA	1-0-NA	0-0-NA	3-0-NA	1-0-NA	4-0-NA	11-0-NA	0-0-NA	142-0-NA	2-0-NA	0-0-NA	NA-NA-NA	3-0-NA	1-0-NA	14-0-NA	7-0-NA	NA-NA-NA	3-0-NA	7-0-NA	0-0-NA	3-0-NA	12-0-NA	NA-NA-NA	1-0-NA	1-0-NA	3-0-NA	136-22-NA	0-0-NA	1-0-NA	0-0-NA
2020-03-10	00:00:00	NA	0-0-NA	0-0-NA	6-0-NA	0-0-NA	NA-NA-NA	133-0-NA	12-0-NA	2-0-NA	0-0-NA	NA-NA-NA	19-0-NA	17-0-NA	NA-NA-NA	2-0-NA	0-0-NA	19-0-NA	6-0-NA	8-0-NA	1-0-NA	6-0-NA	1-0-NA	0-0-NA	6-0-NA	92-0-NA	0-0-NA	3-0-NA	0-0-NA	1-0-NA	0-0-NA	3-0-NA	0-0-NA	4-0-NA	15-0-NA	0-0-NA	173-0-NA	7-0-NA	0-0-NA	NA-NA-NA	3-0-NA	2-0-NA	15-0-NA	12-0-NA	NA-NA-NA	3-0-NA	7-0-NA	0-0-NA	7-0-NA	13-0-NA	NA-NA-NA	2-0-NA	1-0-NA	8-0-NA	162-24-NA	0-0-NA	2-0-NA	0-0-NA
2020-03-11	00:00:00	NA	0-0-NA	0-0-NA	9-0-NA	0-0-NA	NA-NA-NA	157-0-NA	28-0-NA	3-0-NA	1-0-NA	NA-NA-NA	28-2-NA	22-0-NA	NA-NA-NA	2-0-NA	0-0-NA	19-0-NA	10-0-NA	13-0-NA	1-0-NA	8-0-NA	6-0-NA	0-0-NA	9-0-NA	92-0-NA	2-0-NA	5-0-NA	0-0-NA	1-0-NA	0-0-NA	5-0-NA	5-0-NA	4-0-NA	24-1-NA	3-0-NA	216-0-NA	7-0-NA	0-0-NA	NA-NA-NA	4-0-NA	2-0-NA	19-0-NA	15-0-NA	NA-NA-NA	5-0-NA	9-0-NA	5-0-NA	7-0-NA	21-0-NA	NA-NA-NA	2-0-NA	1-0-NA	9-0-NA	267-24-NA	0-0-NA	3-0-NA	0-0-NA
2020-03-12	00:00:00	NA	0-0-NA	0-0-NA	9-0-NA	6-0-NA	NA-NA-NA	202-4-NA	45-0-NA	6-0-NA	4-0-NA	NA-NA-NA	32-2-NA	31-0-NA	NA-NA-NA	2-0-NA	0-0-NA	25-0-NA	12-0-NA	14-0-NA	4-0-NA	8-0-NA	14-0-NA	1-0-NA	12-0-NA	95-0-NA	2-0-NA	9-0-NA	1-0-NA	1-0-NA	1-0-NA	10-0-NA	7-0-NA	6-0-NA	30-1-NA	5-0-NA	216-0-NA	12-0-NA	1-0-NA	NA-NA-NA	5-0-NA	3-0-NA	19-0-NA	22-0-NA	NA-NA-NA	5-0-NA	10-0-NA	8-0-NA	18-0-NA	23-0-NA	NA-NA-NA	4-0-NA	2-0-NA	17-0-NA	337-29-NA	0-0-NA	8-0-NA	1-0-NA
2020-03-13	00:00:00	NA	1-0-NA	1-0-NA	9-0-NA	9-0-NA	NA-NA-NA	202-4-NA	72-0-NA	6-0-NA	4-0-NA	NA-NA-NA	50-2-NA	42-1-NA	NA-NA-NA	2-0-NA	0-0-NA	32-0-NA	12-0-NA	16-0-NA	6-0-NA	11-0-NA	36-0-NA	3-0-NA	17-0-NA	123-0-NA	16-0-NA	14-0-NA	4-0-NA	2-0-NA	1-0-NA	13-0-NA	11-0-NA	6-0-NA	50-1-NA	10-0-NA	421-0-NA	15-0-NA	1-0-NA	NA-NA-NA	13-0-NA	3-0-NA	30-0-NA	33-0-NA	NA-NA-NA	14-0-NA	12-0-NA	9-0-NA	26-0-NA	39-0-NA	NA-NA-NA	6-0-NA	2-0-NA	30-0-NA	457-31-NA	0-0-NA	19-0-NA	1-0-NA
2020-03-14	00:00:00	NA	6-0-NA	1-0-NA	12-0-NA	12-0-NA	NA-NA-NA	252-5-NA	101-1-NA	11-0-NA	6-0-NA	NA-NA-NA	77-3-NA	66-1-NA	NA-NA-NA	2-0-NA	2-0-NA	46-0-NA	15-0-NA	17-0-NA	6-1-NA	14-0-NA	69-0-NA	3-0-NA	26-0-NA	138-0-NA	25-0-NA	21-0-NA	6-0-NA	4-0-NA	5-0-NA	14-0-NA	20-0-NA	7-0-NA	50-1-NA	10-0-NA	524-0-NA	23-0-NA	1-0-NA	NA-NA-NA	13-0-NA	4-0-NA	30-0-NA	47-0-NA	NA-NA-NA	20-0-NA	13-0-NA	9-0-NA	32-0-NA	51-0-NA	NA-NA-NA	6-0-NA	4-0-NA	30-0-NA	568-37-NA	0-0-NA	19-0-NA	2-0-NA
2020-03-15	00:00:00	NA	12-0-NA	1-0-NA	12-0-NA	16-0-NA	NA-NA-NA	293-5-NA	131-1-NA	20-0-NA	6-0-NA	NA-NA-NA	116-4-NA	99-1-NA	NA-NA-NA	2-0-NA	5-0-NA	64-0-NA	19-0-NA	18-0-NA	8-1-NA	16-0-NA	91-2-NA	3-0-NA	31-0-NA	138-0-NA	33-0-NA	35-0-NA	10-0-NA	5-0-NA	7-0-NA	17-0-NA	21-0-NA	13-0-NA	98-2-NA	13-0-NA	729-3-NA	32-0-NA	1-0-NA	NA-NA-NA	36-0-NA	9-0-NA	36-0-NA	63-0-NA	NA-NA-NA	20-0-NA	19-0-NA	9-0-NA	39-0-NA	56-0-NA	NA-NA-NA	28-0-NA	4-0-NA	45-1-NA	642-40-NA	0-0-NA	33-0-NA	3-0-NA
2020-03-16	00:00:00	NA	28-0-NA	1-0-NA	18-0-NA	22-0-NA	NA-NA-NA	335-6-NA	131-1-NA	26-0-NA	8-0-NA	NA-NA-NA	141-4-NA	121-1-NA	3-0-NA	7-0-NA	5-0-NA	93-0-NA	24-1-NA	22-0-NA	11-1-NA	21-1-NA	114-2-NA	17-0-NA	37-0-NA	164-0-NA	53-0-NA	54-0-NA	12-0-NA	6-0-NA	7-0-NA	18-0-NA	45-1-NA	13-0-NA	178-2-NA	17-0-NA	950-7-NA	33-0-NA	1-0-NA	0-0-NA	50-0-NA	10-0-NA	39-0-NA	76-0-NA	5-0-NA	21-0-NA	28-1-NA	10-0-NA	52-0-NA	57-0-NA	NA-NA-NA	39-0-NA	8-0-NA	51-1-NA	769-42-NA	0-0-NA	47-0-NA	3-0-NA
2020-03-17	00:00:00	NA	36-0-NA	3-0-NA	20-0-NA	22-0-NA	NA-NA-NA	483-11-NA	160-1-NA	41-0-NA	16-0-NA	NA-NA-NA	186-6-NA	146-1-NA	5-0-NA	10-0-NA	7-0-NA	159-1-NA	30-2-NA	23-0-NA	15-1-NA	22-1-NA	171-4-NA	32-0-NA	57-0-NA	218-0-NA	65-0-NA	60-0-NA	21-0-NA	8-0-NA	8-0-NA	21-0-NA	55-1-NA	17-0-NA	267-3-NA	23-0-NA	1700-7-NA	40-0-NA	3-0-NA	0-0-NA	67-0-NA	17-0-NA	47-0-NA	96-0-NA	5-0-NA	21-0-NA	33-1-NA	11-0-NA	73-0-NA	64-1-NA	NA-NA-NA	51-0-NA	10-0-NA	67-1-NA	904-48-NA	0-0-NA	72-0-NA	10-0-NA
2020-03-18	00:00:00	NA	46-0-NA	6-0-NA	28-0-NA	33-0-NA	NA-NA-NA	611-13-NA	183-2-NA	68-0-NA	25-0-NA	NA-NA-NA	314-7-NA	197-1-NA	8-0-NA	14-0-NA	9-0-NA	288-1-NA	39-2-NA	29-0-NA	16-1-NA	26-1-NA	240-6-NA	43-0-NA	85-0-NA	256-0-NA	80-0-NA	77-0-NA	34-0-NA	13-0-NA	10-0-NA	24-0-NA	55-1-NA	26-0-NA	427-5-NA	28-0-NA	2382-12-NA	63-0-NA	6-0-NA	0-0-NA	88-0-NA	29-0-NA	75-3-NA	133-0-NA	5-0-NA	33-0-NA	60-1-NA	11-1-NA	98-0-NA	83-2-NA	NA-NA-NA	63-0-NA	19-0-NA	77-1-NA	1012-52-NA	1-0-NA	106-0-NA	15-0-NA
2020-03-19	00:00:00	NA	68-0-NA	6-0-NA	44-0-NA	46-0-NA	NA-NA-NA	924-18-NA	216-2-NA	96-1-NA	30-0-NA	NA-NA-NA	390-8-NA	287-10-NA	12-0-NA	16-0-NA	11-0-NA	422-4-NA	56-2-NA	38-0-NA	34-1-NA	35-1-NA	347-8-NA	53-0-NA	107-1-NA	328-0-NA	336-3-NA	89-0-NA	50-0-NA	24-1-NA	12-0-NA	27-0-NA	95-1-NA	39-0-NA	742-9-NA	35-0-NA	4152-12-NA	97-0-NA	15-0-NA	0-0-NA	119-0-NA	44-1-NA	88-3-NA	185-1-NA	5-0-NA	33-0-NA	60-1-NA	11-1-NA	154-0-NA	143-3-NA	NA-NA-NA	78-0-NA	22-0-NA	94-2-NA	1187-66-NA	2-0-NA	155-0-NA	18-0-NA
2020-03-20	00:00:00	NA	81-0-NA	12-0-NA	65-0-NA	96-0-NA	NA-NA-NA	1063-20-NA	277-3-NA	194-3-NA	38-0-NA	NA-NA-NA	520-10-NA	420-13-NA	14-0-NA	26-0-NA	23-0-NA	585-5-NA	79-2-NA	45-0-NA	44-1-NA	47-1-NA	479-12-NA	57-0-NA	149-1-NA	413-1-NA	549-3-NA	115-0-NA	80-1-NA	47-1-NA	16-0-NA	32-0-NA	109-1-NA	44-0-NA	890-11-NA	43-0-NA	7102-35-NA	137-0-NA	20-0-NA	0-0-NA	169-1-NA	49-1-NA	114-3-NA	268-1-NA	14-0-NA	54-0-NA	81-1-NA	14-1-NA	228-0-NA	194-5-NA	NA-NA-NA	112-0-NA	29-2-NA	114-2-NA	1376-74-NA	7-0-NA	206-3-NA	19-0-NA
2020-03-21	00:00:00	NA	124-0-NA	14-0-NA	104-1-NA	118-0-NA	NA-NA-NA	1279-24-NA	363-4-NA	194-4-NA	45-0-NA	NA-NA-NA	658-12-NA	507-14-NA	15-0-NA	37-0-NA	31-0-NA	753-6-NA	126-4-NA	68-0-NA	55-2-NA	54-2-NA	585-16-NA	73-0-NA	190-2-NA	525-1-NA	787-5-NA	138-1-NA	140-1-NA	73-3-NA	20-0-NA	38-0-NA	124-2-NA	55-0-NA	1327-16-NA	57-0-NA	10356-44-NA	184-0-NA	28-0-NA	0-0-NA	247-3-NA	53-1-NA	114-3-NA	371-2-NA	21-0-NA	66-0-NA	152-1-NA	14-1-NA	371-0-NA	304-5-NA	NA-NA-NA	136-0-NA	29-2-NA	152-2-NA	1524-83-NA	11-0-NA	281-4-NA	23-0-NA
2020-03-22	00:00:00	NA	138-0-NA	22-0-NA	152-2-NA	165-0-NA	NA-NA-NA	1536-27-NA	475-5-NA	223-5-NA	56-0-NA	NA-NA-NA	830-13-NA	600-23-NA	27-1-NA	48-0-NA	42-0-NA	1049-9-NA	201-6-NA	90-0-NA	64-2-NA	99-3-NA	837-20-NA	89-0-NA	244-3-NA	646-5-NA	1035-8-NA	169-1-NA	207-1-NA	90-3-NA	31-0-NA	48-0-NA	190-2-NA	65-0-NA	1914-20-NA	57-0-NA	15168-114-NA	255-0-NA	28-0-NA	0-0-NA	351-3-NA	67-2-NA	161-4-NA	479-2-NA	23-0-NA	83-0-NA	195-3-NA	21-1-NA	505-0-NA	334-5-NA	NA-NA-NA	181-1-NA	52-2-NA	219-3-NA	1793-94-NA	12-0-NA	385-4-NA	24-0-NA
2020-03-23	00:00:00	NA	167-0-NA	22-0-NA	265-2-NA	174-0-NA	NA-NA-NA	1733-27-NA	591-6-NA	415-10-NA	68-0-NA	NA-NA-NA	1171-14-NA	772-25-NA	29-1-NA	56-0-NA	47-0-NA	1273-12-NA	259-7-NA	105-0-NA	82-2-NA	104-3-NA	1172-34-NA	107-0-NA	288-3-NA	777-9-NA	1328-15-NA	235-1-NA	249-1-NA	183-3-NA	34-0-NA	50-0-NA	245-4-NA	78-0-NA	2844-27-NA	65-0-NA	20875-114-NA	297-0-NA	30-0-NA	0-0-NA	442-6-NA	81-2-NA	191-5-NA	644-6-NA	31-2-NA	106-0-NA	299-5-NA	28-1-NA	615-2-NA	352-8-NA	NA-NA-NA	257-1-NA	75-5-NA	254-6-NA	1996-95-NA	16-0-NA	416-5-NA	26-0-NA
2020-03-24	00:00:00	NA	215-0-NA	36-0-NA	357-5-NA	218-0-NA	NA-NA-NA	2102-40-NA	720-7-NA	618-12-NA	91-0-NA	NA-NA-NA	1412-18-NA	1026-32-NA	32-1-NA	77-1-NA	50-0-NA	1535-16-NA	365-12-NA	124-0-NA	98-2-NA	124-4-NA	1388-46-NA	125-0-NA	349-3-NA	1159-11-NA	1791-24-NA	262-1-NA	320-1-NA	183-3-NA	46-0-NA	52-0-NA	278-4-NA	101-1-NA	3675-44-NA	83-0-NA	25665-210-NA	398-0-NA	34-0-NA	0-0-NA	564-8-NA	106-3-NA	209-8-NA	851-7-NA	39-2-NA	106-0-NA	298-5-NA	30-1-NA	667-2-NA	410-9-NA	NA-NA-NA	299-1-NA	95-7-NA	290-7-NA	2221-110-NA	20-0-NA	457-5-NA	29-0-NA
2020-03-25	00:00:00	NA	283-0-NA	42-1-NA	450-6-NA	280-2-NA	NA-NA-NA	2355-53-NA	912-11-NA	875-19-NA	115-0-NA	NA-NA-NA	1682-22-NA	1247-40-NA	37-1-NA	90-1-NA	73-0-NA	1865-19-NA	477-14-NA	145-1-NA	126-3-NA	157-4-NA	1795-65-NA	149-0-NA	423-4-NA	1838-15-NA	2294-43-NA	287-1-NA	377-2-NA	356-8-NA	53-0-NA	61-0-NA	321-6-NA	108-1-NA	4402-62-NA	100-1-NA	30811-285-NA	504-1-NA	39-0-NA	0-0-NA	704-10-NA	164-5-NA	209-8-NA	1127-11-NA	51-2-NA	124-0-NA	424-7-NA	41-1-NA	784-3-NA	974-12-NA	NA-NA-NA	346-1-NA	123-8-NA	391-9-NA	2469-123-NA	39-0-NA	585-7-NA	44-0-NA
2020-03-26	00:00:00	NA	506-1-NA	59-1-NA	577-8-NA	335-3-NA	NA-NA-NA	3006-65-NA	1086-19-NA	1012-21-NA	130-1-NA	NA-NA-NA	2355-28-NA	1525-48-NA	45-1-NA	95-0-NA	123-0-NA	2538-26-NA	645-17-NA	179-1-NA	168-3-NA	198-4-NA	2305-83-NA	155-0-NA	580-4-NA	2417-25-NA	2856-60-NA	346-2-NA	485-6-NA	502-8-NA	71-0-NA	73-0-NA	420-10-NA	137-1-NA	6876-81-NA	112-1-NA	37258-385-NA	636-2-NA	52-0-NA	0-0-NA	867-15-NA	248-7-NA	327-11-NA	1687-16-NA	64-2-NA	165-0-NA	456-9-NA	46-1-NA	957-3-NA	1396-18-NA	NA-NA-NA	402-1-NA	158-9-NA	460-13-NA	2580-132-NA	51-0-NA	707-8-NA	53-0-NA
2020-03-27	00:00:00	NA	587-3-NA	69-1-NA	736-13-NA	381-3-NA	NA-NA-NA	3879-78-NA	1430-24-NA	1291-27-NA	163-2-NA	NA-NA-NA	2765-34-NA	2001-64-NA	51-1-NA	106-0-NA	189-3-NA	3026-34-NA	981-24-NA	235-3-NA	202-4-NA	248-6-NA	2746-119-NA	168-1-NA	774-5-NA	3240-35-NA	3657-92-NA	398-4-NA	579-8-NA	669-8-NA	108-0-NA	85-0-NA	535-10-NA	158-1-NA	8825-108-NA	136-1-NA	44635-519-NA	763-3-NA	65-0-NA	0-0-NA	1137-19-NA	322-8-NA	414-12-NA	2218-22-NA	79-3-NA	165-0-NA	456-9-NA	58-1-NA	1203-6-NA	1731-23-NA	NA-NA-NA	480-2-NA	184-10-NA	604-14-NA	3207-147-NA	76-0-NA	842-13-NA	70-0-NA
2020-03-28	00:00:00	NA	696-3-NA	85-2-NA	873-15-NA	404-5-NA	NA-NA-NA	4643-101-NA	1734-31-NA	1291-27-NA	214-3-NA	NA-NA-NA	3763-54-NA	2366-69-NA	55-1-NA	120-0-NA	230-4-NA	3491-47-NA	1232-31-NA	298-3-NA	261-5-NA	302-8-NA	3315-137-NA	211-1-NA	992-5-NA	4257-44-NA	3657-92-NA	441-5-NA	663-13-NA	838-10-NA	129-1-NA	96-2-NA	621-10-NA	187-2-NA	11124-140-NA	191-1-NA	52318-728-NA	935-4-NA	83-1-NA	2-0-NA	1406-25-NA	377-15-NA	479-13-NA	2751-34-NA	100-3-NA	203-0-NA	539-13-NA	68-1-NA	1373-6-NA	2052-27-NA	NA-NA-NA	602-2-NA	211-12-NA	739-17-NA	3723-175-NA	96-0-NA	989-13-NA	82-0-NA
2020-03-29	00:00:00	NA	806-4-NA	102-2-NA	919-17-NA	426-6-NA	NA-NA-NA	5708-123-NA	2061-44-NA	1993-34-NA	232-6-NA	NA-NA-NA	4246-56-NA	2651-80-NA	56-1-NA	151-0-NA	261-5-NA	4596-65-NA	1514-32-NA	336-4-NA	319-6-NA	394-9-NA	3540-151-NA	253-3-NA	1239-10-NA	4955-48-NA	5486-132-NA	503-9-NA	758-14-NA	838-10-NA	154-1-NA	108-2-NA	738-14-NA	214-2-NA	13386-161-NA	237-2-NA	59513-965-NA	1040-4-NA	98-1-NA	2-0-NA	1653-29-NA	429-16-NA	548-13-NA	3394-38-NA	127-5-NA	294-3-NA	774-16-NA	90-1-NA	1537-7-NA	2552-34-NA	NA-NA-NA	719-2-NA	235-12-NA	890-22-NA	4310-189-NA	113-0-NA	1112-13-NA	86-0-NA
2020-03-30	00:00:00	NA	859-6-NA	114-3-NA	1157-20-NA	473-7-NA	NA-NA-NA	6447-133-NA	2627-51-NA	2571-36-NA	264-6-NA	NA-NA-NA	5473-63-NA	2809-87-NA	58-1-NA	175-0-NA	310-6-NA	5057-73-NA	1786-35-NA	424-6-NA	368-8-NA	439-9-NA	4025-185-NA	275-3-NA	1413-15-NA	5752-56-NA	6498-184-NA	576-10-NA	847-16-NA	1031-13-NA	171-4-NA	145-2-NA	1008-15-NA	314-3-NA	16636-198-NA	237-2-NA	66497-1218-NA	1307-6-NA	109-2-NA	2-0-NA	1933-39-NA	481-17-NA	606-16-NA	4087-49-NA	174-6-NA	408-4-NA	925-18-NA	101-1-NA	1834-13-NA	2877-34-NA	NA-NA-NA	806-4-NA	256-12-NA	1020-25-NA	4896-195-NA	126-1-NA	1221-14-NA	94-0-NA
2020-03-31	00:00:00	NA	981-13-NA	119-3-NA	1289-24-NA	523-8-NA	NA-NA-NA	7482-153-NA	2627-51-NA	3128-69-NA	319-10-NA	NA-NA-NA	6338-77-NA	3929-111-NA	69-2-NA	204-0-NA	415-7-NA	5994-99-NA	2159-49-NA	497-7-NA	428-9-NA	480-11-NA	5237-239-NA	303-5-NA	1660-18-NA	6620-89-NA	7615-259-NA	629-12-NA	937-20-NA	1327-14-NA	184-4-NA	172-3-NA	1113-17-NA	314-3-NA	18696-267-NA	281-4-NA	75795-1550-NA	1498-8-NA	126-3-NA	2-0-NA	2199-55-NA	565-23-NA	690-18-NA	4843-63-NA	239-8-NA	488-8-NA	1083-22-NA	108-1-NA	2239-23-NA	3266-41-NA	NA-NA-NA	887-5-NA	293-13-NA	1250-27-NA	4896-195-NA	162-1-NA	1351-16-NA	109-0-NA
2020-04-01	22:20:49	2020-03-31 17:00:00	1077-26-NA	133-3-NA	1413-29-NA	584-10-NA	0-0-NA	8155-171-NA	2966-69-NA	3557-85-NA	368-11-NA	586-11-NA	6955-87-NA	4638-139-NA	77-3-NA	208-1-NA	525-9-NA	6980-141-NA	2565-65-NA	549-9-NA	482-10-NA	591-17-NA	6424-273-NA	344-7-NA	1985-31-NA	7738-122-NA	9334-337-NA	689-17-NA	1073-22-NA	1581-18-NA	208-5-NA	210-4-NA	1279-26-NA	415-4-NA	22255-355-NA	315-5-NA	83712-1941-NA	1584-10-NA	142-3-NA	6-NA-NA	2547-65-NA	719-30-NA	690-18-NA	5805-74-NA	286-11-NA	566-10-NA	1293-26-NA	129-2-NA	2683-24-NA	3997-58-NA	30-NA-NA	1012-7-NA	321-16-NA	1484-34-NA	5634-224-NA	191-1-NA	1550-24-NA	130-0-NA
2020-04-01	23:42:02	2020-04-01 17:00:00	1106-28-NA	143-3-NA	1413-29-NA	624-10-NA	0-0-NA	8155-171-NA	3342-80-NA	3557-85-NA	368-11-NA	586-11-NA	7559-97-NA	4748-154-NA	77-3-NA	258-1-NA	673-9-NA	6980-141-NA	2565-65-NA	549-9-NA	482-10-NA	680-20-NA	6424-273-NA	344-7-NA	1985-31-NA	7738-122-NA	9334-337-NA	689-17-NA	1073-22-NA	1581-18-NA	217-5-NA	214-4-NA	1279-32-NA	415-4-NA	22255-355-NA	363-6-NA	83712-1941-NA	1584-10-NA	147-3-NA	6-1-NA	2547-65-NA	719-30-NA	736-19-NA	5805-74-NA	286-11-NA	566-10-NA	1293-26-NA	129-2-NA	2683-24-NA	3997-58-NA	30-NA-NA	1012-7-NA	321-16-NA	1484-34-NA	5984-247-NA	191-2-NA	1550-24-NA	137-0-NA
2020-04-02	12:25:20	2020-04-01 17:00:00	1106-28-NA	143-3-NA	1413-29-NA	624-10-NA	0-0-NA	8155-171-NA	3342-80-NA	3557-85-NA	368-11-NA	586-11-NA	7559-97-NA	4748-154-NA	77-3-NA	258-1-NA	673-9-NA	6980-141-NA	2565-65-NA	549-9-NA	482-10-NA	680-20-NA	6424-273-NA	344-7-NA	1985-31-NA	7738-122-NA	9334-337-NA	689-17-NA	1073-22-NA	1581-18-NA	217-5-NA	214-4-NA	1279-32-NA	415-4-NA	22255-355-NA	363-6-NA	83712-1941-NA	1584-10-NA	147-3-NA	6-1-NA	2547-65-NA	719-30-NA	736-19-NA	5805-74-NA	286-11-NA	566-10-NA	1293-26-NA	129-2-NA	2683-24-NA	3997-58-NA	30-NA-NA	1012-7-NA	321-16-NA	1484-34-NA	5984-247-NA	191-2-NA	1550-24-NA	137-0-NA
2020-04-03	00:41:54	2020-04-02 09:30:00	1233-32-NA	143-3-NA	1598-32-NA	643-12-NA	0-0-NA	9191-203-NA	3342-80-NA	3824-112-NA	393-12-NA	653-12-NA	8010-128-NA	5348-163-NA	82-3-NA	258-1-NA	669-9-NA	7695-157-NA	3039-78-NA	614-11-NA	552-13-NA	680-20-NA	9150-310-NA	376-7-NA	2331-36-NA	8966-154-NA	10791-417-NA	742-18-NA	1177-26-NA	1834-19-NA	227-5-NA	246-5-NA	1458-38-NA	415-4-NA	25590-537-NA	363-6-NA	92381-2373-NA	1857-16-NA	159-3-NA	8-1-NA	2902-81-NA	879-34-NA	736-19-NA	7016-90-NA	316-12-NA	657-12-NA	1554-31-NA	165-2-NA	2845-32-NA	4669-70-NA	33-NA-NA	1074-7-NA	338-17-NA	1706-41-NA	5984-247-NA	217-2-NA	1730-31-NA	150-0-NA
2020-04-03	01:54:37	2020-04-02 17:30:00	1270-32-NA	147-3-NA	1598-32-NA	683-12-NA	0-0-NA	9191-203-NA	3728-97-NA	3824-112-NA	393-12-NA	653-12-NA	9008-144-NA	5444-176-NA	82-3-NA	285-2-NA	891-9-NA	7695-157-NA	3039-78-NA	614-11-NA	552-13-NA	770-31-NA	9150-310-NA	376-7-NA	2331-36-NA	8966-154-NA	10791-417-NA	742-18-NA	1177-26-NA	1834-19-NA	241-5-NA	255-6-NA	1458-38-NA	479-5-NA	25590-537-NA	403-7-NA	92381-2373-NA	1857-16-NA	159-3-NA	8-1-NA	2902-81-NA	879-34-NA	826-21-NA	7016-90-NA	316-12-NA	657-12-NA	1554-31-NA	165-2-NA	2845-32-NA	4669-70-NA	37-NA-NA	1074-7-NA	338-17-NA	1706-41-NA	6585-262-NA	217-2-NA	1730-31-NA	153-0-NA
2020-04-03	14:24:33	2020-04-02 17:30:00	1270-32-NA	147-3-NA	1598-32-NA	683-12-NA	0-0-NA	9191-203-NA	3728-97-NA	3824-112-NA	393-12-NA	757-15-NA	9008-144-NA	5444-176-NA	84-4-NA	285-2-NA	891-9-NA	7695-157-NA	3039-78-NA	614-11-NA	552-13-NA	770-31-NA	9150-310-NA	376-7-NA	2331-36-NA	8966-154-NA	10791-417-NA	742-18-NA	1177-26-NA	1834-19-NA	243-5-NA	255-6-NA	1458-38-NA	479-5-NA	25590-537-NA	403-7-NA	92381-2373-NA	1857-16-NA	159-3-NA	8-1-NA	2902-81-NA	879-34-NA	826-21-NA	7016-90-NA	378-15-NA	657-12-NA	1554-31-NA	165-2-NA	2845-32-NA	4669-70-NA	37-NA-NA	1074-7-NA	338-17-NA	2012-46-NA	6585-262-NA	217-2-NA	1730-31-NA	153-0-NA
2020-04-03	14:25:32	2020-04-02 17:30:00	1270-32-NA	147-3-NA	1598-32-NA	683-12-NA	0-0-NA	9191-203-NA	3728-97-NA	3824-112-NA	393-12-NA	757-15-NA	9008-144-NA	5444-176-NA	84-4-NA	285-2-NA	891-9-NA	7695-157-NA	3039-78-NA	614-11-NA	552-13-NA	770-31-NA	9150-310-NA	376-7-NA	2331-36-NA	8966-154-NA	10791-417-NA	742-18-NA	1177-26-NA	1834-19-NA	243-5-NA	255-6-NA	1458-38-NA	479-5-NA	25590-537-NA	403-7-NA	92381-2373-NA	1857-16-NA	159-3-NA	8-1-NA	2902-81-NA	879-34-NA	826-21-NA	7016-90-NA	378-15-NA	657-12-NA	1554-31-NA	165-2-NA	2845-32-NA	4669-70-NA	37-NA-NA	1074-7-NA	338-17-NA	2012-46-NA	6585-262-NA	217-2-NA	1730-31-NA	153-0-NA
2020-04-03	14:26:38	2020-04-02 17:30:00	1270-32-NA	147-3-NA	1598-32-NA	683-12-NA	0-0-NA	9191-203-NA	3728-97-NA	3824-112-NA	393-12-NA	757-15-NA	9008-144-NA	5444-176-NA	84-4-NA	285-2-NA	891-9-NA	7695-157-NA	3039-78-NA	614-11-NA	552-13-NA	770-31-NA	9150-310-NA	376-7-NA	2331-36-NA	8966-154-NA	10791-417-NA	742-18-NA	1177-26-NA	1834-19-NA	243-5-NA	255-6-NA	1458-38-NA	479-5-NA	25590-537-NA	403-7-NA	92381-2373-NA	1857-16-NA	159-3-NA	8-1-NA	2902-81-NA	879-34-NA	826-21-NA	7016-90-NA	378-15-NA	657-12-NA	1554-31-NA	165-2-NA	2845-32-NA	4669-70-NA	37-NA-NA	1074-7-NA	338-17-NA	2012-46-NA	6585-262-NA	217-2-NA	1730-31-NA	153-0-NA
2020-04-03	14:27:33	2020-04-02 17:30:00	1270-32-NA	147-3-NA	1598-32-NA	683-12-NA	0-0-NA	9191-203-NA	3728-97-NA	3824-112-NA	393-12-NA	757-15-NA	9008-144-NA	5444-176-NA	84-4-NA	285-2-NA	891-9-NA	7695-157-NA	3039-78-NA	614-11-NA	552-13-NA	770-31-NA	9150-310-NA	376-7-NA	2331-36-NA	8966-154-NA	10791-417-NA	742-18-NA	1177-26-NA	1834-19-NA	243-5-NA	255-6-NA	1458-38-NA	479-5-NA	25590-537-NA	403-7-NA	92381-2373-NA	1857-16-NA	159-3-NA	8-1-NA	2902-81-NA	879-34-NA	826-21-NA	7016-90-NA	378-15-NA	657-12-NA	1554-31-NA	165-2-NA	2845-32-NA	4669-70-NA	37-NA-NA	1074-7-NA	338-17-NA	2012-46-NA	6585-262-NA	217-2-NA	1730-31-NA	153-0-NA
2020-04-03	15:30:35	2020-04-02 17:30:00	1270-32-NA	147-3-NA	1598-32-NA	683-12-NA	0-0-NA	9191-203-NA	3728-97-NA	3824-112-NA	393-12-NA	757-15-NA	9008-144-NA	5444-176-NA	84-4-NA	285-2-NA	891-9-NA	7695-157-NA	3039-78-NA	614-11-NA	552-13-NA	770-31-NA	9150-310-NA	376-7-NA	2331-36-NA	8966-154-NA	10791-417-NA	742-18-NA	1177-26-NA	1834-19-NA	243-5-NA	255-6-NA	1458-38-NA	479-5-NA	25590-537-NA	403-7-NA	92381-2373-NA	1857-16-NA	159-3-NA	8-1-NA	2902-81-NA	879-34-NA	826-21-NA	7016-90-NA	378-15-NA	657-12-NA	1554-31-NA	165-2-NA	2845-32-NA	4669-70-NA	37-NA-NA	1074-7-NA	338-17-NA	2012-46-NA	6585-262-NA	217-2-NA	1730-31-NA	153-0-NA
2020-04-03	23:30:38	2020-04-03 14:30:00	1535-38-NA	157-3-NA	1769-41-NA	738-12-NA	0-0-NA	10701-237-NA	4173-111-NA	4915-132-NA	450-14-NA	757-15-NA	10268-170-NA	5967-198-NA	84-4-NA	319-3-NA	1013-10-NA	8904-210-NA	3437-102-NA	699-11-NA	620-17-NA	831-37-NA	10297-370-NA	432-9-NA	2758-42-NA	10402-192-NA	12744-479-NA	789-22-NA	1358-29-NA	2113-19-NA	262-5-NA	285-6-NA	1514-43-NA	540-7-NA	29895-646-NA	495-10-NA	102863-2935-NA	2093-19-NA	173-3-NA	8-1-NA	3312-91-NA	988-38-NA	899-22-NA	8420-102-NA	378-15-NA	711-14-NA	1700-34-NA	187-2-NA	3067-37-NA	5330-90-NA	38-NA-NA	1246-7-NA	389-17-NA	2012-46-NA	6966-284-NA	237-2-NA	1912-37-NA	166-0-NA
2020-04-04	08:30:33	2020-04-03 14:30:00	1535-38-NA	157-3-NA	1769-41-NA	738-12-NA	0-0-NA	10701-237-NA	4173-111-NA	4915-132-NA	450-14-NA	757-15-NA	10268-170-NA	5967-198-NA	84-4-NA	319-3-NA	1013-10-NA	8904-210-NA	3437-102-NA	699-11-NA	620-17-NA	831-37-NA	10297-370-NA	432-9-NA	2758-42-NA	10402-192-NA	12744-479-NA	789-22-NA	1358-29-NA	2113-19-NA	262-5-NA	285-6-NA	1514-43-NA	540-7-NA	29895-646-NA	495-10-NA	102863-2935-NA	2093-19-NA	173-3-NA	8-1-NA	3312-91-NA	988-38-NA	899-22-NA	8420-102-NA	378-15-NA	711-14-NA	1700-34-NA	187-2-NA	3067-37-NA	5330-90-NA	38-NA-NA	1246-7-NA	389-17-NA	2012-46-NA	6966-284-NA	237-2-NA	1912-37-NA	166-0-NA
2020-04-04	15:30:31	2020-04-03 14:30:00	1535-38-NA	157-3-NA	1769-41-NA	738-12-NA	0-0-NA	10701-237-NA	4173-111-NA	4915-132-NA	450-14-NA	757-15-NA	10268-170-NA	5967-198-NA	84-4-NA	319-3-NA	1013-10-NA	8904-210-NA	3437-102-NA	699-11-NA	620-17-NA	831-37-NA	10297-370-NA	432-9-NA	2758-42-NA	10402-192-NA	12744-479-NA	789-22-NA	1358-29-NA	2113-19-NA	262-5-NA	285-6-NA	1514-43-NA	540-7-NA	29895-646-NA	495-10-NA	102863-2935-NA	2093-19-NA	173-3-NA	8-1-NA	3312-91-NA	988-38-NA	899-22-NA	8420-102-NA	378-15-NA	711-14-NA	1700-34-NA	187-2-NA	3067-37-NA	5330-90-NA	38-NA-NA	1246-7-NA	389-17-NA	2012-46-NA	6966-284-NA	237-2-NA	1912-37-NA	166-0-NA
2020-04-04	23:30:33	2020-04-04 21:50:00	1633-44-NA	171-5-NA	2019-52-NA	743-14-NA	NA-0-NA	12026-276-NA	4565-126-NA	5276-165-NA	593-14-NA	902-21-NA	11545-195-NA	6383-208-NA	93-4-NA	351-4-NA	1077-10-NA	10357-243-NA	3953-116-NA	786-14-NA	698-21-NA	917-40-NA	12496-409-NA	456-10-NA	3125-53-NA	11736-216-NA	14225-540-NA	865-24-NA	1455-35-NA	2291-24-NA	281-6-NA	323-8-NA	1742-46-NA	621-9-NA	34124-846-NA	543-11-NA	113704-3565-NA	2402-24-NA	186-3-NA	8-1-NA	3739-102-NA	1159-42-NA	999-26-NA	10017-136-NA	452-18-NA	806-17-NA	1917-40-NA	212-2-NA	3321-43-NA	6110-105-NA	42-NA-NA	1428-8-NA	461-20-NA	2407-52-NA	6966-284-NA	282-2-NA	2112-56-NA	187-0-NA
2020-04-05	08:30:33	2020-04-04 21:50:00	1633-44-NA	171-5-NA	2019-52-NA	743-14-NA	NA-0-NA	12026-276-NA	4565-126-NA	5276-165-NA	593-14-NA	902-21-NA	11545-195-NA	6383-208-NA	93-4-NA	351-4-NA	1077-10-NA	10357-243-NA	3953-116-NA	786-14-NA	698-21-NA	917-40-NA	12496-409-NA	456-10-NA	3125-53-NA	11736-216-NA	14225-540-NA	865-24-NA	1455-35-NA	2291-24-NA	281-6-NA	323-8-NA	1742-46-NA	621-9-NA	34124-846-NA	543-11-NA	113704-3565-NA	2402-24-NA	186-3-NA	8-1-NA	3739-102-NA	1159-42-NA	999-26-NA	10017-136-NA	452-18-NA	806-17-NA	1917-40-NA	212-2-NA	3321-43-NA	6110-105-NA	42-NA-NA	1428-8-NA	461-20-NA	2407-52-NA	7591-310-NA	282-2-NA	2112-56-NA	187-0-NA
2020-04-05	15:30:32	2020-04-04 21:50:00	1633-44-NA	171-5-NA	2019-52-NA	743-14-NA	NA-0-NA	12026-276-NA	4565-126-NA	5276-165-NA	593-14-NA	902-21-NA	11545-195-NA	6383-208-NA	93-4-NA	351-4-NA	1077-10-NA	10357-243-NA	3953-116-NA	786-14-NA	698-21-NA	917-40-NA	12496-409-NA	456-10-NA	3125-53-NA	11736-216-NA	14225-540-NA	865-24-NA	1455-35-NA	2291-24-NA	281-6-NA	323-8-NA	1742-46-NA	621-9-NA	34124-846-NA	543-11-NA	113704-3565-NA	2402-24-NA	186-3-NA	8-1-NA	3739-102-NA	1159-42-NA	999-26-NA	10017-136-NA	452-18-NA	806-17-NA	1917-40-NA	212-2-NA	3321-43-NA	6110-105-NA	42-NA-NA	1428-8-NA	461-20-NA	2407-52-NA	7591-310-NA	282-2-NA	2112-56-NA	187-0-NA
2020-04-05	23:30:32	2020-04-05 00:00:00	1796-45-NA	185-6-NA	2269-64-NA	830-16-NA	0-0-NA	13438-319-NA	4565-126-NA	5675-189-NA	673-14-NA	998-22-NA	12151-218-NA	6647-211-NA	112-4-NA	351-4-NA	1077-10-NA	11256-274-NA	4411-127-NA	868-22-NA	747-22-NA	917-40-NA	13010-477-NA	470-10-NA	3609-67-NA	12500-231-NA	15718-617-NA	935-29-NA	1638-43-NA	2367-34-NA	286-6-NA	363-8-NA	1836-46-NA	621-9-NA	37505-917-NA	543-11-NA	122031-4159-NA	2585-31-NA	207-3-NA	8-1-NA	4043-119-NA	1252-46-NA	999-26-NA	11510-150-NA	475-20-NA	922-25-NA	2049-44-NA	240-2-NA	3633-44-NA	6812-127-NA	42-1-NA	1605-8-NA	512-22-NA	2637-51-NA	7591-310-NA	324-3-NA	2267-68-NA	197-0-NA
2020-04-06	08:30:33	2020-04-05 00:00:00	1841-45-NA	185-6-NA	2269-64-NA	853-16-NA	0-0-NA	13438-319-NA	4950-140-NA	5675-189-NA	673-14-NA	998-22-NA	12350-221-NA	6742-219-NA	112-4-NA	371-4-NA	1101-10-NA	11256-274-NA	4411-127-NA	868-22-NA	747-22-NA	955-45-NA	13010-477-NA	470-10-NA	3609-67-NA	12500-231-NA	15718-617-NA	935-29-NA	1638-43-NA	2367-34-NA	298-6-NA	367-8-NA	1836-46-NA	669-9-NA	37505-917-NA	624-12-NA	122031-4159-NA	2585-31-NA	207-3-NA	8-1-NA	4043-119-NA	1252-46-NA	1068-27-NA	11510-150-NA	475-20-NA	922-25-NA	2049-44-NA	240-2-NA	3633-44-NA	6812-127-NA	42-1-NA	1605-8-NA	512-22-NA	2637-51-NA	7984-338-NA	324-3-NA	2267-68-NA	200-0-NA
2020-04-06	15:30:46	2020-04-05 00:00:00	1842-45-NA	185-6-NA	2269-64-NA	854-16-NA	0-0-NA	13438-319-NA	4950-140-NA	5675-189-NA	673-14-NA	998-22-NA	12350-221-NA	6742-219-NA	113-4-NA	371-4-NA	1101-10-NA	11256-274-NA	4411-127-NA	868-22-NA	747-22-NA	955-45-NA	13010-477-NA	470-10-NA	4045-91-NA	12500-231-NA	15718-617-NA	935-29-NA	1638-43-NA	2367-34-NA	299-6-NA	367-8-NA	1836-46-NA	669-9-NA	37505-917-NA	624-12-NA	122031-4159-NA	2585-31-NA	207-3-NA	8-1-NA	4043-119-NA	1252-46-NA	1068-27-NA	11510-150-NA	513-21-NA	922-25-NA	2049-44-NA	240-2-NA	3633-44-NA	6812-127-NA	42-1-NA	1605-8-NA	512-22-NA	2878-54-NA	7984-338-NA	345-3-NA	2267-68-NA	200-0-NA
2020-04-06	23:30:33	2020-04-05 21:50:00	2006-53-NA	191-6-NA	2456-65-NA	927-16-NA	0-0-NA	14336-343-NA	5172-150-NA	6906-206-NA	783-15-NA	1097-24-NA	13629-254-NA	7558-294-NA	113-4-NA	387-5-NA	1170-13-NA	12262-307-NA	4944-139-NA	946-25-NA	845-25-NA	1008-59-NA	14867-512-NA	499-10-NA	4045-91-NA	13837-260-NA	17221-727-NA	986-30-NA	1738-51-NA	2722-39-NA	319-6-NA	412-8-NA	1953-58-NA	715-9-NA	41090-1003-NA	686-12-NA	130689-4758-NA	2870-33-NA	225-3-NA	8-1-NA	4450-142-NA	1327-51-NA	1132-29-NA	12980-162-NA	513-21-NA	1082-27-NA	2232-48-NA	288-4-NA	3802-65-NA	7276-140-NA	43-1-NA	1675-13-NA	543-23-NA	2878-54-NA	8384-372-NA	345-4-NA	2440-77-NA	212-0-NA
2020-04-07	08:30:32	2020-04-05 21:50:00	2006-53-NA	191-6-NA	2456-65-NA	927-16-NA	0-0-NA	14336-343-NA	5172-150-NA	6906-206-NA	783-15-NA	1097-24-NA	13629-254-NA	7558-294-NA	113-4-NA	387-5-NA	1170-13-NA	12262-307-NA	4944-139-NA	946-25-NA	845-25-NA	1008-59-NA	14867-512-NA	499-10-NA	4045-91-NA	13837-260-NA	17221-727-NA	986-30-NA	1738-51-NA	2722-39-NA	319-6-NA	412-8-NA	1953-58-NA	715-9-NA	41090-1003-NA	686-12-NA	130689-4758-NA	2870-33-NA	225-3-NA	8-1-NA	4450-142-NA	1327-51-NA	1132-29-NA	12980-162-NA	513-21-NA	1082-27-NA	2232-48-NA	288-4-NA	3802-65-NA	7276-140-NA	43-1-NA	1675-13-NA	543-23-NA	2878-54-NA	8384-372-NA	345-4-NA	2440-77-NA	212-0-NA
2020-04-07	15:30:34	2020-04-05 21:50:00	2008-53-NA	191-6-NA	2456-65-NA	927-16-NA	0-0-NA	14336-343-NA	5172-150-NA	6906-206-NA	783-15-NA	1097-24-NA	13629-254-NA	7558-294-NA	113-4-NA	387-5-NA	1170-13-NA	12262-307-NA	4944-139-NA	946-25-NA	845-25-NA	1008-59-NA	14867-512-NA	499-10-NA	4371-103-NA	13837-260-NA	17221-727-NA	986-30-NA	1738-51-NA	2722-39-NA	319-6-NA	412-8-NA	1953-58-NA	715-9-NA	41090-1003-NA	686-12-NA	130689-4758-NA	3221-46-NA	225-3-NA	8-2-NA	4450-142-NA	1327-51-NA	1132-29-NA	12980-162-NA	573-23-NA	1082-27-NA	2232-48-NA	288-4-NA	3802-65-NA	7276-140-NA	43-1-NA	1675-13-NA	575-23-NA	2878-54-NA	8384-372-NA	412-4-NA	2440-77-NA	212-0-NA
2020-04-07	23:30:34	2020-04-06 21:50:00	2119-56-NA	213-6-NA	2575-73-NA	946-16-NA	0-0-NA	15865-374-NA	5172-150-NA	7781-277-NA	928-16-NA	1211-22-NA	14747-296-NA	8818-329-NA	121-4-NA	387-5-NA	1170-13-NA	13549-380-NA	5507-173-NA	1048-26-NA	900-27-NA	1008-59-NA	16284-582-NA	519-12-NA	4371-103-NA	15202-356-NA	18970-845-NA	1069-34-NA	1915-59-NA	3037-53-NA	319-6-NA	447-10-NA	2087-58-NA	715-9-NA	44416-1232-NA	686-12-NA	138863-5489-NA	3221-46-NA	237-4-NA	8-2-NA	4782-167-NA	1472-67-NA	1132-29-NA	14559-240-NA	573-23-NA	1229-30-NA	2417-51-NA	320-6-NA	4138-72-NA	8262-154-NA	43-1-NA	1738-13-NA	575-23-NA	3333-63-NA	8384-372-NA	412-4-NA	2578-92-NA	216-0-NA
2020-04-08	08:30:34	2020-04-07 19:00:00	2197-64-NA	213-6-NA	2575-73-NA	946-16-NA	0-0-NA	15865-374-NA	5429-179-NA	7781-277-NA	928-16-NA	1211-22-NA	14747-296-NA	9156-348-NA	121-4-NA	410-5-NA	1210-15-NA	13549-380-NA	5507-173-NA	1048-26-NA	900-27-NA	1149-65-NA	16284-582-NA	519-12-NA	4371-103-NA	15202-356-NA	18970-845-NA	1069-34-NA	1915-59-NA	3037-53-NA	319-6-NA	478-12-NA	2087-71-NA	747-13-NA	44416-1232-NA	794-13-NA	138863-5489-NA	3221-46-NA	237-4-NA	8-2-NA	4782-167-NA	1472-67-NA	1181-33-NA	14559-240-NA	573-23-NA	1229-30-NA	2417-51-NA	320-6-NA	4138-72-NA	8262-154-NA	45-1-NA	1738-13-NA	575-23-NA	3333-63-NA	8384-372-NA	412-4-NA	2578-92-NA	221-0-NA
2020-04-08	15:30:44	2020-04-07 19:00:00	2229-65-NA	213-6-NA	2575-73-NA	946-16-NA	0-0-NA	15865-374-NA	5429-179-NA	7781-277-NA	928-16-NA	1440-27-NA	14747-296-NA	9156-348-NA	125-4-NA	410-5-NA	1210-15-NA	13549-380-NA	5507-173-NA	1048-26-NA	900-27-NA	1149-65-NA	16284-582-NA	519-12-NA	5529-124-NA	15202-356-NA	18970-845-NA	1069-34-NA	1915-59-NA	3037-53-NA	319-6-NA	478-12-NA	2087-71-NA	747-13-NA	44416-1232-NA	794-13-NA	138863-5489-NA	3221-46-NA	237-4-NA	11-2-NA	4782-167-NA	1472-67-NA	1181-33-NA	14559-240-NA	573-23-NA	1229-30-NA	2417-51-NA	320-6-NA	4138-72-NA	8262-154-NA	45-1-NA	1738-13-NA	575-23-NA	3645-75-NA	8682-394-NA	462-4-NA	2578-92-NA	221-0-NA
2020-04-08	21:52:40	2020-04-07 19:00:00	2369-66-NA	226-7-NA	2726-80-NA	1000-18-NA	0-0-NA	16957-442-NA	5429-179-NA	7781-277-NA	928-16-NA	1440-27-NA	15455-309-NA	9901-362-NA	125-4-NA	410-5-NA	1210-15-NA	15078-462-NA	5943-203-NA	1145-27-NA	900-27-NA	1149-65-NA	17030-652-NA	537-14-NA	5529-124-NA	16790-433-NA	20346-959-NA	1154-39-NA	2003-67-NA	3327-58-NA	332-6-NA	519-12-NA	2318-71-NA	788-18-NA	47437-1504-NA	794-13-NA	149316-6268-NA	3426-53-NA	251-4-NA	11-2-NA	5148-193-NA	1524-79-NA	1181-33-NA	16239-309-NA	620-24-NA	1450-35-NA	2552-63-NA	393-6-NA	4362-79-NA	9353-177-NA	45-1-NA	1846-13-NA	605-23-NA	3645-75-NA	8682-394-NA	462-4-NA	2756-99-NA	221-0-NA
2020-04-08	23:30:38	2020-04-08 19:00:00	2499-67-NA	226-7-NA	2726-80-NA	1000-18-NA	0-0-NA	16957-442-NA	5655-193-NA	8781-335-NA	1116-19-NA	1440-27-NA	15698-323-NA	10204-370-NA	125-4-NA	435-5-NA	1232-18-NA	15078-462-NA	5943-203-NA	1145-27-NA	1046-38-NA	1346-73-NA	17030-652-NA	537-14-NA	5529-124-NA	16790-433-NA	20346-959-NA	1154-39-NA	2003-67-NA	3327-58-NA	332-6-NA	523-14-NA	2318-71-NA	788-18-NA	47437-1504-NA	865-16-NA	149316-6268-NA	3426-53-NA	251-4-NA	11-2-NA	5148-193-NA	1524-79-NA	1239-38-NA	16239-309-NA	620-24-NA	1450-35-NA	2552-63-NA	393-6-NA	4362-79-NA	9353-177-NA	45-1-NA	1846-13-NA	605-23-NA	3645-75-NA	9097-421-NA	483-4-NA	2756-99-NA	230-0-NA
2020-04-09	08:30:36	2020-04-08 19:00:00	2499-67-NA	226-7-NA	2726-80-NA	1000-18-NA	0-0-NA	16957-442-NA	5655-193-NA	8781-335-NA	1116-19-NA	1440-27-NA	15698-323-NA	10204-370-NA	125-4-NA	435-5-NA	1232-18-NA	15078-462-NA	5943-203-NA	1145-27-NA	1046-38-NA	1346-73-NA	17030-652-NA	537-14-NA	5529-124-NA	16790-433-NA	20346-959-NA	1154-39-NA	2003-67-NA	3327-58-NA	332-6-NA	523-14-NA	2318-71-NA	788-18-NA	47437-1504-NA	865-16-NA	149316-6268-NA	3426-53-NA	251-4-NA	11-2-NA	5148-193-NA	1524-79-NA	1239-38-NA	16239-309-NA	620-24-NA	1450-35-NA	2552-63-NA	393-6-NA	4362-79-NA	9353-177-NA	45-1-NA	1846-13-NA	605-23-NA	3645-75-NA	9097-421-NA	483-4-NA	2756-99-NA	230-0-NA
2020-04-09	16:14:09	2020-04-08 22:00:00	2547-68-NA	226-7-NA	2726-80-NA	1000-18-NA	0-0-NA	16957-442-NA	5655-193-NA	8781-335-NA	1116-19-NA	1440-27-NA	15698-323-NA	10204-370-NA	128-4-NA	435-5-NA	1232-18-NA	15078-462-NA	5943-203-NA	1145-27-NA	1046-38-NA	1346-73-NA	17030-652-NA	537-14-NA	5529-124-NA	16790-433-NA	20346-959-NA	1154-39-NA	2003-67-NA	3327-58-NA	332-6-NA	523-14-NA	2318-80-NA	788-18-NA	47437-1504-NA	865-16-NA	149316-6268-NA	3426-53-NA	251-4-NA	11-2-NA	5148-193-NA	1524-79-NA	1239-38-NA	16239-309-NA	683-33-NA	1450-35-NA	2552-63-NA	393-6-NA	4362-79-NA	9353-177-NA	46-1-NA	1846-13-NA	628-23-NA	4042-109-NA	9097-421-NA	483-4-NA	2756-99-NA	230-0-NA
2020-04-09	23:30:34	2020-04-09 21:30:00	2838-78-NA	235-7-NA	3018-89-NA	1119-21-NA	0-0-NA	18309-492-NA	6202-226-NA	9784-380-NA	1209-23-NA	1523-32-NA	16826-371-NA	10885-412-NA	130-4-NA	442-6-NA	1353-24-NA	16422-528-NA	6351-245-NA	1270-29-NA	1106-42-NA	1452-79-NA	18283-702-NA	560-16-NA	6185-138-NA	18941-503-NA	21504-1076-NA	1242-50-NA	2260-76-NA	3539-77-NA	354-6-NA	577-15-NA	2456-86-NA	819-21-NA	51027-1700-NA	989-17-NA	159937-7067-NA	3651-65-NA	269-5-NA	11-2-NA	5512-213-NA	1684-80-NA	1321-44-NA	18228-338-NA	683-33-NA	1727-43-NA	2792-67-NA	447-6-NA	4634-94-NA	10230-199-NA	50-1-NA	1976-13-NA	628-23-NA	4042-109-NA	9608-446-NA	523-5-NA	2885-111-NA	239-0-NA
2020-04-10	08:30:46	2020-04-09 21:30:00	2838-78-NA	235-7-NA	3018-89-NA	1119-21-NA	0-0-NA	18309-492-NA	6202-226-NA	9784-380-NA	1209-23-NA	1523-32-NA	16826-371-NA	10885-412-NA	130-4-NA	442-6-NA	1353-24-NA	16422-528-NA	6351-245-NA	1270-29-NA	1106-42-NA	1452-79-NA	18283-702-NA	560-16-NA	6185-138-NA	18941-503-NA	21504-1076-NA	1242-50-NA	2260-76-NA	3539-77-NA	354-6-NA	577-15-NA	2456-86-NA	819-21-NA	51027-1700-NA	989-17-NA	159937-7067-NA	3651-65-NA	269-5-NA	11-2-NA	5512-213-NA	1684-80-NA	1321-44-NA	18228-338-NA	683-33-NA	1727-43-NA	2792-67-NA	447-6-NA	4634-94-NA	10230-199-NA	50-1-NA	1976-13-NA	628-23-NA	4042-109-NA	9608-446-NA	523-5-NA	2885-111-NA	239-0-NA
2020-04-10	15:30:35	2020-04-09 21:30:00	2881-79-NA	235-7-NA	3018-89-NA	1119-21-NA	0-0-NA	18309-492-NA	6202-226-NA	9784-380-NA	1209-23-NA	1523-32-NA	16826-371-NA	10885-412-NA	130-4-NA	442-6-NA	1353-24-NA	16422-528-NA	6907-300-NA	1270-29-NA	1106-42-NA	1452-79-NA	18283-702-NA	560-16-NA	6968-171-NA	18941-503-NA	21504-1076-NA	1242-50-NA	2260-76-NA	3539-77-NA	354-6-NA	577-15-NA	2456-86-NA	819-21-NA	51027-1700-NA	989-17-NA	159937-7067-NA	3651-65-NA	269-5-NA	11-2-NA	5512-213-NA	1684-80-NA	1321-44-NA	18228-338-NA	725-39-NA	1727-43-NA	2792-67-NA	447-6-NA	4634-94-NA	10230-199-NA	50-1-NA	1976-13-NA	628-23-NA	4509-121-NA	9608-446-NA	536-5-NA	2885-111-NA	239-0-NA
2020-04-10	23:30:36	2020-04-09 21:30:00	3008-80-NA	246-7-NA	3112-97-NA	1202-24-NA	0-0-NA	19472-541-NA	6510-250-NA	10538-448-NA	1326-32-NA	1660-38-NA	17968-419-NA	11859-425-NA	130-4-NA	465-8-NA	1396-25-NA	17887-596-NA	6907-300-NA	1388-31-NA	1166-50-NA	1693-90-NA	19253-755-NA	586-17-NA	6968-171-NA	20974-599-NA	22783-1281-NA	1336-57-NA	2469-82-NA	3799-96-NA	365-6-NA	648-17-NA	2584-102-NA	885-22-NA	54588-1932-NA	1091-19-NA	170512-7844-NA	3908-74-NA	278-6-NA	11-2-NA	5878-231-NA	1794-88-NA	1371-48-NA	19979-416-NA	725-39-NA	2015-49-NA	3065-72-NA	536-6-NA	4862-98-NA	11671-226-NA	50-1-NA	2102-17-NA	679-24-NA	4509-121-NA	9608-446-NA	574-5-NA	3068-128-NA	340-0-NA
2020-04-11	08:30:33	2020-04-09 21:30:00	3008-80-NA	246-7-NA	3112-97-NA	1202-24-NA	0-0-NA	19472-541-NA	6510-250-NA	10538-448-NA	1326-32-NA	1660-38-NA	17968-419-NA	11859-425-NA	130-4-NA	465-8-NA	1396-25-NA	17887-596-NA	6907-300-NA	1388-31-NA	1166-50-NA	1693-90-NA	19253-755-NA	586-17-NA	6968-171-NA	20974-599-NA	22783-1281-NA	1336-57-NA	2469-82-NA	3799-96-NA	365-6-NA	648-17-NA	2584-102-NA	885-22-NA	54588-1932-NA	1091-19-NA	170512-7844-NA	3908-74-NA	278-6-NA	11-2-NA	5878-231-NA	1794-88-NA	1371-48-NA	19979-416-NA	725-39-NA	2015-49-NA	3065-72-NA	536-6-NA	4862-98-NA	11671-226-NA	50-1-NA	2102-17-NA	679-24-NA	4509-121-NA	9608-446-NA	574-5-NA	3068-128-NA	340-0-NA
2020-04-11	15:30:32	2020-04-09 21:30:00	3008-80-NA	246-7-NA	3112-97-NA	1202-24-NA	0-NA-NA	19472-541-NA	6510-250-NA	10538-448-NA	1326-32-NA	1660-38-NA	17968-419-NA	11859-425-NA	130-4-NA	465-8-NA	1396-25-NA	17887-596-NA	6907-300-NA	1388-31-NA	1166-50-NA	1693-90-NA	19253-755-NA	586-17-NA	6968-171-NA	20974-599-NA	22783-1281-NA	1336-57-NA	2469-82-NA	3799-96-NA	365-6-NA	648-17-NA	2584-102-NA	885-22-NA	54588-1932-NA	1091-19-NA	170512-7844-NA	3908-74-NA	278-6-NA	11-2-NA	5878-231-NA	1794-88-NA	1371-48-NA	19979-416-NA	725-39-NA	2015-49-NA	3065-72-NA	536-6-NA	4862-98-NA	11671-226-NA	50-1-NA	2102-17-NA	679-24-NA	4509-121-NA	9608-446-NA	574-5-NA	3068-128-NA	340-0-NA
2020-04-11	23:30:52	2020-04-11 09:30:00	3262-93-NA	257-8-NA	3393-108-NA	1226-24-NA	0-NA-NA	20615-609-NA	6893-274-NA	11510-494-NA	1479-33-NA	1778-47-NA	18986-458-NA	12261-432-NA	133-5-NA	486-8-NA	1407-27-NA	19180-677-NA	7435-330-NA	1510-34-NA	1268-55-NA	1840-94-NA	20014-806-NA	616-19-NA	7694-206-NA	22860-686-NA	23993-1392-NA	1427-64-NA	2642-93-NA	4024-109-NA	377-6-NA	704-17-NA	2700-111-NA	929-23-NA	58151-2183-NA	1174-20-NA	180458-8627-NA	4312-80-NA	293-7-NA	11-2-NA	6250-247-NA	1868-94-NA	1447-51-NA	21655-494-NA	788-42-NA	2349-56-NA	3207-80-NA	626-6-NA	5114-101-NA	12561-254-NA	51-1-NA	2206-18-NA	711-25-NA	5077-130-NA	10224-491-NA	591-6-NA	3213-137-NA	261-0-NA
2020-04-12	08:30:36	2020-04-11 09:30:00	3262-93-NA	257-8-NA	3393-108-NA	1226-24-NA	0-NA-NA	20615-609-NA	6893-274-NA	11510-494-NA	1479-33-NA	1778-47-NA	18986-458-NA	12261-432-NA	133-5-NA	486-8-NA	1407-27-NA	19180-677-NA	7435-330-NA	1510-34-NA	1268-55-NA	1840-94-NA	20014-806-NA	616-19-NA	7694-206-NA	22860-686-NA	23993-1392-NA	1427-64-NA	2642-93-NA	4024-109-NA	377-6-NA	704-17-NA	2700-111-NA	929-23-NA	58151-2183-NA	1174-20-NA	180458-8627-NA	4312-80-NA	293-7-NA	11-2-NA	6250-247-NA	1868-94-NA	1447-51-NA	21655-494-NA	788-42-NA	2349-56-NA	3207-80-NA	626-6-NA	5114-101-NA	12561-254-NA	51-1-NA	2206-18-NA	711-25-NA	5077-130-NA	10224-491-NA	591-6-NA	3213-137-NA	261-0-NA
2020-04-12	15:30:35	2020-04-11 09:30:00	3262-93-NA	257-8-NA	3393-108-NA	1226-24-NA	0-NA-NA	20615-609-NA	6893-274-NA	11510-494-NA	1479-33-NA	1778-47-NA	18986-458-NA	12261-432-NA	133-5-NA	486-8-NA	1407-27-NA	19180-677-NA	7435-330-NA	1510-34-NA	1268-55-NA	1840-94-NA	20014-806-NA	616-19-NA	7694-206-NA	22860-686-NA	23993-1392-NA	1427-64-NA	2642-93-NA	4024-109-NA	377-6-NA	704-17-NA	2700-111-NA	929-23-NA	58151-2183-NA	1174-20-NA	180458-8627-NA	4312-80-NA	293-7-NA	11-2-NA	6250-247-NA	1868-94-NA	1447-51-NA	21655-494-NA	788-42-NA	2349-56-NA	3207-80-NA	626-6-NA	5114-101-NA	12561-254-NA	51-1-NA	2206-18-NA	711-25-NA	5077-130-NA	10224-491-NA	591-6-NA	3213-137-NA	261-0-NA
2020-04-12	23:30:33	2020-04-12 21:30:00	3583-93-NA	272-8-NA	3539-115-NA	1280-27-NA	0-NA-NA	21794-651-NA	7303-290-NA	12035-554-NA	1625-35-NA	1875-50-NA	19918-474-NA	12550-442-NA	133-5-NA	499-9-NA	1426-27-NA	20852-720-NA	7928-343-NA	1587-41-NA	1337-56-NA	1963-97-NA	20595-840-NA	633-19-NA	8225-235-NA	25475-756-NA	24638-1487-NA	1621-70-NA	2781-96-NA	4160-110-NA	387-6-NA	814-17-NA	2836-114-NA	985-23-NA	61850-2350-NA	1245-26-NA	188694-9385-NA	4520-81-NA	308-8-NA	11-2-NA	6604-253-NA	1970-96-NA	1527-52-NA	22833-507-NA	897-44-NA	2665-63-NA	3319-82-NA	730-6-NA	5308-101-NA	13484-271-NA	51-1-NA	2303-18-NA	727-27-NA	5274-141-NA	10411-508-NA	611-8-NA	3341-144-NA	270-0-NA
2020-04-13	08:30:50	2020-04-12 21:30:00	3583-93-NA	272-8-NA	3539-115-NA	1280-27-NA	0-NA-NA	21794-651-NA	7303-290-NA	12035-554-NA	1625-35-NA	1875-50-NA	19918-474-NA	12550-442-NA	133-5-NA	499-9-NA	1426-27-NA	20852-720-NA	7928-343-NA	1587-41-NA	1337-56-NA	1963-97-NA	20595-840-NA	633-19-NA	8225-235-NA	25475-756-NA	24638-1487-NA	1621-70-NA	2781-96-NA	4160-110-NA	387-6-NA	814-17-NA	2836-114-NA	985-23-NA	61850-2350-NA	1245-26-NA	188694-9385-NA	4520-81-NA	308-8-NA	11-2-NA	6604-253-NA	1970-96-NA	1527-52-NA	22833-507-NA	897-44-NA	2665-63-NA	3319-82-NA	730-6-NA	5308-101-NA	13484-271-NA	51-1-NA	2303-18-NA	727-27-NA	5274-141-NA	10411-508-NA	611-8-NA	3341-144-NA	270-0-NA
2020-04-13	15:30:45	2020-04-12 21:30:00	3611-95-NA	272-8-NA	3539-115-NA	1280-27-NA	0-NA-NA	21794-651-NA	7303-290-NA	12035-554-NA	1625-35-NA	1955-52-NA	19918-474-NA	12550-442-NA	135-5-NA	499-9-NA	1426-27-NA	20852-720-NA	7928-343-NA	1587-41-NA	1337-56-NA	1963-97-NA	20595-840-NA	633-19-NA	8936-262-NA	25475-756-NA	24638-1487-NA	1621-70-NA	2781-96-NA	4160-110-NA	387-6-NA	814-17-NA	2836-114-NA	985-23-NA	61850-2350-NA	1245-26-NA	188694-9385-NA	4520-81-NA	308-8-NA	11-2-NA	6604-253-NA	1970-96-NA	1527-52-NA	22833-507-NA	903-45-NA	2665-63-NA	3319-82-NA	730-6-NA	5308-101-NA	13484-271-NA	51-1-NA	2303-18-NA	747-28-NA	5747-149-NA	10411-508-NA	611-8-NA	3341-144-NA	270-0-NA
2020-04-13	21:59:11	2020-04-12 21:30:00	3734-99-NA	277-8-NA	3702-122-NA	1410-30-NA	0-NA-NA	22348-687-NA	7684-304-NA	13381-602-NA	1625-35-NA	1955-53-NA	20601-483-NA	13315-464-NA	135-5-NA	499-9-NA	1426-27-NA	22025-794-NA	8236-350-NA	1710-43-NA	1376-62-NA	1963-97-NA	21016-884-NA	698-19-NA	8936-262-NA	26867-844-NA	25635-1602-NA	1650-70-NA	2942-98-NA	4388-114-NA	394-7-NA	814-17-NA	2971-114-NA	985-23-NA	64584-2443-NA	1245-26-NA	195031-10056-NA	4816-86-NA	331-8-NA	11-2-NA	6975-274-NA	2069-99-NA	1584-53-NA	24199-524-NA	903-45-NA	2976-73-NA	3319-82-NA	868-6-NA	5610-109-NA	13906-287-NA	51-1-NA	2363-18-NA	748-28-NA	5747-149-NA	10411-508-NA	626-9-NA	3428-154-NA	275-1-NA
2020-04-13	23:41:07	2020-04-12 21:30:00	3734-99-NA	277-8-NA	3702-122-NA	1410-30-NA	0-NA-NA	22348-687-NA	7684-304-NA	13381-602-NA	1625-35-NA	1955-53-NA	20601-483-NA	13315-464-NA	135-5-NA	499-9-NA	1426-27-NA	22025-794-NA	8236-350-NA	1710-43-NA	1376-62-NA	1963-97-NA	21016-884-NA	698-19-NA	8936-262-NA	26867-844-NA	25635-1602-NA	1650-70-NA	2942-98-NA	4388-114-NA	394-7-NA	814-17-NA	2971-114-NA	985-23-NA	64584-2443-NA	1245-26-NA	195031-10056-NA	4816-86-NA	331-8-NA	11-2-NA	6975-274-NA	2069-99-NA	1584-53-NA	24199-524-NA	903-45-NA	2976-73-NA	3319-82-NA	868-6-NA	5610-109-NA	13906-287-NA	51-1-NA	2363-18-NA	748-28-NA	5747-149-NA	10411-508-NA	626-9-NA	3428-154-NA	275-1-NA
2020-04-14	08:41:06	2020-04-12 21:30:00	3734-99-NA	277-8-NA	3702-122-NA	1410-30-NA	0-NA-NA	22348-687-NA	7684-304-NA	13381-602-NA	1625-35-NA	1955-53-NA	20601-483-NA	13315-464-NA	135-5-NA	499-9-NA	1426-27-NA	22025-794-NA	8236-350-NA	1710-43-NA	1376-62-NA	1963-97-NA	21016-884-NA	698-19-NA	8936-262-NA	26867-844-NA	25635-1602-NA	1650-70-NA	2942-98-NA	4388-114-NA	394-7-NA	814-17-NA	2971-114-NA	985-23-NA	64584-2443-NA	1245-26-NA	195031-10056-NA	4816-86-NA	331-8-NA	11-2-NA	6975-274-NA	2069-99-NA	1584-53-NA	24199-524-NA	903-45-NA	2976-73-NA	3319-82-NA	868-6-NA	5610-109-NA	13906-287-NA	51-1-NA	2363-18-NA	748-28-NA	5747-149-NA	10411-508-NA	626-9-NA	3428-154-NA	275-1-NA
2020-04-14	15:41:07	2020-04-12 21:30:00	3734-99-NA	277-8-NA	3702-122-NA	1410-30-NA	0-NA-NA	22348-687-NA	7684-304-NA	13381-602-NA	1625-35-NA	1955-53-NA	20601-483-NA	13315-464-NA	135-5-NA	499-9-NA	1426-27-NA	22025-794-NA	8236-350-NA	1710-43-NA	1376-62-NA	1963-97-NA	21016-884-NA	698-19-NA	8936-262-NA	26867-844-NA	25635-1602-NA	1650-70-NA	2942-98-NA	4388-114-NA	394-7-NA	814-17-NA	2971-114-NA	985-23-NA	64584-2443-NA	1245-26-NA	195031-10056-NA	4816-86-NA	331-8-NA	11-2-NA	6975-274-NA	2069-99-NA	1584-53-NA	24199-524-NA	903-45-NA	2976-73-NA	3319-82-NA	868-6-NA	5610-109-NA	13906-287-NA	51-1-NA	2363-18-NA	748-28-NA	5747-149-NA	10411-508-NA	626-9-NA	3428-154-NA	275-1-NA
2020-04-14	15:50:15	2020-04-13 18:30:00	3809-105-NA	277-8-NA	3702-122-NA	1410-30-NA	0-NA-NA	22348-687-NA	7691-308-NA	13381-602-NA	1761-41-NA	2058-67-NA	21019-513-NA	13621-480-NA	135-5-NA	504-9-NA	1453-33-NA	22025-794-NA	8236-350-NA	1710-43-NA	1376-62-NA	2048-104-NA	21016-884-NA	698-19-NA	9472-302-NA	26867-844-NA	25635-1602-NA	1650-70-NA	2942-98-NA	4388-114-NA	394-7-NA	871-18-NA	2993-120-NA	1020-23-NA	64584-2443-NA	1345-31-NA	195031-10056-NA	4816-86-NA	331-8-NA	13-2-NA	6975-274-NA	2069-99-NA	1584-53-NA	24199-524-NA	923-45-NA	2976-73-NA	3439-87-NA	868-6-NA	5610-109-NA	13906-287-NA	51-1-NA	2363-18-NA	752-29-NA	6171-154-NA	10538-516-NA	633-9-NA	3428-154-NA	275-1-NA
2020-04-14	15:51:44	2020-04-13 18:30:00	3809-105-NA	277-8-NA	3702-122-NA	1410-30-NA	0-NA-NA	22348-687-NA	7691-308-NA	13381-602-NA	1761-41-NA	2058-67-NA	21019-513-NA	13621-480-NA	135-5-NA	504-9-NA	1453-33-NA	22025-794-NA	8236-350-NA	1710-43-NA	1376-62-NA	2048-104-NA	21016-884-NA	698-19-NA	9472-302-NA	26867-844-NA	25635-1602-NA	1650-70-NA	2942-98-NA	4388-114-NA	394-7-NA	871-18-NA	2993-120-NA	1020-23-NA	64584-2443-NA	1345-31-NA	195031-10056-NA	4816-86-NA	331-8-NA	13-2-NA	6975-274-NA	2069-99-NA	1584-53-NA	24199-524-NA	923-45-NA	2976-73-NA	3439-87-NA	868-6-NA	5610-109-NA	13906-287-NA	51-1-NA	2363-18-NA	752-29-NA	6171-154-NA	10538-516-NA	633-9-NA	3428-154-NA	275-1-NA
2020-04-14	15:53:44	2020-04-13 18:30:00	3809-105-NA	277-8-NA	3702-122-NA	1410-30-NA	0-NA-NA	22348-687-NA	7691-308-NA	13381-602-NA	1761-41-NA	2058-67-NA	21019-513-NA	13621-480-NA	135-5-NA	504-9-NA	1453-33-NA	22025-794-NA	8236-350-NA	1710-43-NA	1376-62-NA	2048-104-NA	21016-884-NA	698-19-NA	9472-302-NA	26867-844-NA	25635-1602-NA	1650-70-NA	2942-98-NA	4388-114-NA	394-7-NA	871-18-NA	2993-120-NA	1020-23-NA	64584-2443-NA	1345-31-NA	195031-10056-NA	4816-86-NA	331-8-NA	13-2-NA	6975-274-NA	2069-99-NA	1584-53-NA	24199-524-NA	923-45-NA	2976-73-NA	3439-87-NA	868-6-NA	5610-109-NA	13906-287-NA	51-1-NA	2363-18-NA	752-29-NA	6171-154-NA	10538-516-NA	633-9-NA	3428-154-NA	275-1-NA
2020-04-14	22:37:50	2020-04-13 18:30:00	3876-110-NA	285-9-NA	3806-131-NA	1480-30-NA	0-NA-NA	23338-758-NA	7691-308-NA	13989-671-NA	1761-41-NA	2058-67-NA	21367-537-NA	14223-501-NA	135-5-NA	504-9-NA	1453-33-NA	23247-868-NA	8527-388-NA	1899-49-NA	1426-69-NA	2048-104-NA	21518-1013-NA	734-20-NA	9472-302-NA	28163-957-NA	27001-1768-NA	1695-79-NA	3087-111-NA	4686-133-NA	399-7-NA	871-18-NA	3088-120-NA	1020-23-NA	68824-2805-NA	1345-31-NA	202208-10834-NA	5024-108-NA	341-9-NA	13-2-NA	7153-324-NA	2184-108-NA	1633-55-NA	25345-584-NA	923-45-NA	3251-80-NA	3553-97-NA	988-6-NA	5823-124-NA	14624-318-NA	51-1-NA	2412-19-NA	752-29-NA	6171-154-NA	10538-516-NA	640-9-NA	3555-170-NA	275-1-NA
2020-04-14	23:30:36	2020-04-14 17:30:00	3953-114-NA	285-9-NA	3806-131-NA	1480-30-NA	0-NA-NA	23338-758-NA	7941-329-NA	13989-671-NA	1926-43-NA	2058-67-NA	21628-585-NA	14578-524-NA	135-5-NA	517-9-NA	1464-39-NA	23247-868-NA	8527-388-NA	1899-49-NA	1426-69-NA	2210-115-NA	21518-1013-NA	734-20-NA	9472-302-NA	28163-957-NA	27001-1768-NA	1695-79-NA	3087-111-NA	4686-133-NA	399-7-NA	901-20-NA	3088-130-NA	1091-27-NA	68824-2805-NA	1407-36-NA	202208-10834-NA	5024-108-NA	341-9-NA	13-2-NA	7153-324-NA	2184-108-NA	1633-55-NA	25345-584-NA	923-45-NA	3251-80-NA	3553-97-NA	988-6-NA	5823-124-NA	14624-318-NA	51-1-NA	2412-19-NA	752-29-NA	6171-154-NA	10694-541-NA	694-9-NA	3555-170-NA	282-1-NA
2020-04-15	08:30:38	2020-04-14 17:30:00	3953-114-NA	285-9-NA	3806-131-NA	1480-30-NA	0-NA-NA	23338-758-NA	7941-329-NA	13989-671-NA	1926-43-NA	2058-67-NA	21628-585-NA	14578-524-NA	135-5-NA	517-9-NA	1464-39-NA	23247-868-NA	8527-388-NA	1899-49-NA	1426-69-NA	2210-115-NA	21518-1013-NA	734-20-NA	9472-302-NA	28163-957-NA	27001-1768-NA	1695-79-NA	3087-111-NA	4686-133-NA	399-7-NA	901-20-NA	3088-130-NA	1091-27-NA	68824-2805-NA	1407-36-NA	202208-10834-NA	5024-108-NA	341-9-NA	13-2-NA	7153-324-NA	2184-108-NA	1633-55-NA	25345-584-NA	923-45-NA	3251-80-NA	3553-97-NA	988-6-NA	5823-124-NA	14624-318-NA	51-1-NA	2412-19-NA	752-29-NA	6171-154-NA	10694-541-NA	694-9-NA	3555-170-NA	282-1-NA
2020-04-15	15:30:37	2020-04-14 17:30:00	3970-115-NA	285-9-NA	3806-131-NA	1480-30-NA	0-NA-NA	23338-758-NA	7941-329-NA	13989-671-NA	1926-43-NA	2197-72-NA	21628-585-NA	14578-524-NA	135-5-NA	517-9-NA	1464-39-NA	23247-868-NA	8527-388-NA	1899-49-NA	1426-69-NA	2210-115-NA	21518-1013-NA	734-20-NA	10032-349-NA	28163-957-NA	27001-1768-NA	1695-79-NA	3087-111-NA	4686-133-NA	399-7-NA	901-20-NA	3088-130-NA	1091-27-NA	68824-2805-NA	1407-36-NA	202208-10834-NA	5024-108-NA	341-9-NA	13-2-NA	7153-324-NA	2184-108-NA	1633-55-NA	25345-584-NA	974-51-NA	3251-80-NA	3553-97-NA	988-6-NA	5823-124-NA	14624-318-NA	51-1-NA	2412-19-NA	752-29-NA	6500-195-NA	10694-541-NA	694-10-NA	3555-170-NA	282-1-NA